[{"family":"MaterialIcons","fonts":[{"asset":"fonts/MaterialIcons-Regular.otf"}]},{"family":"Manrope","fonts":[{"asset":"fonts/Manrope-Bold.ttf"},{"asset":"fonts/Manrope-ExtraBold.ttf"},{"asset":"fonts/Manrope-ExtraLight.ttf"},{"asset":"fonts/Manrope-Light.ttf"},{"asset":"fonts/Manrope-Medium.ttf"},{"asset":"fonts/Manrope-Regular.ttf"},{"asset":"fonts/Manrope-SemiBold.ttf"}]},{"family":"EclinicIcons","fonts":[{"asset":"fonts/EclinicIcons.ttf"}]},{"family":"packages/cupertino_icons/CupertinoIcons","fonts":[{"asset":"packages/cupertino_icons/assets/CupertinoIcons.ttf"}]},{"family":"packages/syncfusion_flutter_pdfviewer/RobotoMono","fonts":[{"asset":"packages/syncfusion_flutter_pdfviewer/assets/fonts/RobotoMono-Regular.ttf"}]}]