{
  "title": "ӨВЧНИЙ ТҮҮХ /хүүхдийн/",
  "rightTitle": "Эрүүл мэндийн сайдын 2019 оны 12 дугаар сарын 30-ны\nөдрийн А/611 дүгээр тушаалын арваннэгдүгээр хавсралт\nЭрүүл мэндийн бүртгэлийн маягт СТ2",
  "sections": [
    {
      "id": 1,
      "title": "",
      "rows": [
        {
          "columns": [
            {
              "title": "",
              "items": [
                {
                  "id": 0,
                  "type": "text",
                  "label": "Цусны бүлэг",
                  "labelStyle": {
                    "rotation": 3
                  }
                }
              ]
            },
            {
              "title": "",
              "items": [
                {
                  "id": 0,
                  "type": "text",
                  "label": "Бүлэг",
                  "labelStyle": {
                    "fontSize": 12
                  },
                  "style": {
                    "border": [true, true, true, false],
                    "padding": [5, 5, 5, 5],
                    "borderColor": "#000000",
                    "borderWidth": 1,
                    "height": 50,
                    "bgColor": "#f2f2f2"
                  }
                },
                {
                  "id": 0,
                  "type": "text",
                  "label": "Тодорхойлсон лаборант",
                  "style": {
                    "border": [true, true, true, false],
                    "padding": [5, 5, 5, 5],
                    "borderColor": "#000000",
                    "borderWidth": 1,
                    "height": 50
                  }
                },
                {
                  "id": 0,
                  "type": "text",
                  "label": "Шалгасан эмч",
                  "style": {
                    "border": [true, true, true, false],
                    "padding": [5, 5, 5, 5],
                    "borderColor": "#000000",
                    "borderWidth": 1,
                    "height": 50
                  }
                },
                {
                  "id": 0,
                  "type": "text",
                  "label": "Сар, өдөр",
                  "style": {
                    "border": [true, true, true, false],
                    "padding": [5, 5, 5, 5],
                    "borderColor": "#000000",
                    "borderWidth": 1,
                    "height": 50
                  }
                }
              ]
            },
            {
              "title": "",
              "items": [
                {
                  "id": 0,
                  "type": "input",
                  "label": "",
                  "value": "",
                  "required": true,
                  "style": {
                    "border": [false, false, false, true],
                    "padding": [5, 5, 5, 5],
                    "borderColor": "#000000",
                    "borderWidth": 1,
                    "height": 50
                  }
                },
                {
                  "id": 0,
                  "type": "input",
                  "label": "",
                  "value": "",
                  "style": {
                    "border": [false, false, false, true],
                    "padding": [5, 5, 5, 5],
                    "borderColor": "#000000",
                    "borderWidth": 1,
                    "height": 50
                  }
                },
                {
                  "id": 0,
                  "type": "input",
                  "label": "",
                  "value": "",
                  "style": {
                    "border": [false, false, false, true],
                    "padding": [5, 5, 5, 5],
                    "borderColor": "#000000",
                    "borderWidth": 1,
                    "height": 50
                  }
                },
                {
                  "id": 0,
                  "type": "input",
                  "label": "",
                  "value": "",
                  "style": {
                    "border": [false, false, false, true],
                    "padding": [5, 5, 5, 5],
                    "borderColor": "#000000",
                    "borderWidth": 1,
                    "height": 50
                  }
                }
              ]
            },
            {
              "title": "",
              "items": [
                {
                  "id": 0,
                  "type": "radio",
                  "label": "Төлбөрийн хэлбэр:",
                  "options": [
                    {
                      "option": "Төр хариуцсан"
                    },
                    {
                      "option": "15%"
                    },
                    {
                      "option": "10%"
                    },
                    {
                      "option": "Өвчтөн хариуцсан"
                    }
                  ]
                }
              ]
            },
            {
              "title": "",
              "items": [
                {
                  "id": 0,
                  "type": "radio",
                  "label": "Доод шатлалаас илгээсэн эсэх:",
                  "options": [
                    {
                      "option": "Тийм"
                    },
                    {
                      "option": "Үгүй"
                    }
                  ]
                }
              ]
            }
          ]
        },
        {
          "columns": [
            {
              "title": "",
              "items": [
                {
                  "id": 0,
                  "type": "image",
                  "url": "https://encrypted-tbn0.gstatic.com/images?q=tbn:ANd9GcTwZkxeP67ymSfAS6GVmRYb9e2C4BoR6-mRHT4U8GcGDA&s"
                }
              ]
            },
            {
              "title": "",
              "items": [
                {
                  "id": 0,
                  "type": "image",
                  "url": "https://encrypted-tbn0.gstatic.com/images?q=tbn:ANd9GcTwZkxeP67ymSfAS6GVmRYb9e2C4BoR6-mRHT4U8GcGDA&s"
                }
              ]
            }
          ]
        },
        {
          "columns": [
            {
              "title": "",
              "width": 2,
              "items": [
                {
                  "id": 0,
                  "type": "text",
                  "label": "Онош"
                }
              ]
            },
            {
              "title": "",
              "items": [
                {
                  "id": 0,
                  "type": "text",
                  "label": "ӨОУА- код"
                }
              ]
            },
            {
              "title": "",
              "items": [
                {
                  "id": 0,
                  "type": "text",
                  "label": "Огноо"
                }
              ]
            }
          ]
        },
        {
          "columns": [
            {
              "title": "",
              "items": [
                {
                  "id": 0,
                  "type": "autocomplete",
                  "label": "Явуулсан эмнэлэг/ байгууллагын нэр:",
                  "value": "",
                  "fetchUrl": "https://jsonplaceholder.typicode.com/users"
                }
              ]
            }
          ]
        },
        {
          "columns": [
            {
              "title": "",
              "items": [
                {
                  "id": 0,
                  "type": "text",
                  "label": "Явуулсан эмчийн онош"
                }
              ]
            },
            {
              "title": "",
              "items": [
                {
                  "id": 0,
                  "type": "input",
                  "label": ""
                }
              ]
            },
            {
              "title": "",
              "items": [
                {
                  "id": 0,
                  "type": "input",
                  "label": ""
                }
              ]
            },
            {
              "title": "",
              "items": [
                {
                  "id": 0,
                  "type": "input",
                  "label": ""
                }
              ]
            }
          ]
        },
        {
          "columns": [
            {
              "title": "",
              "items": [
                {
                  "id": 0,
                  "type": "text",
                  "label": "Хүлээн авсан эмчийн онош"
                }
              ]
            },
            {
              "title": "",
              "items": [
                {
                  "id": 0,
                  "type": "input",
                  "label": ""
                }
              ]
            },
            {
              "title": "",
              "items": [
                {
                  "id": 0,
                  "type": "input",
                  "label": ""
                }
              ]
            },
            {
              "title": "",
              "items": [
                {
                  "id": 0,
                  "type": "input",
                  "label": ""
                }
              ]
            }
          ]
        },
        {
          "columns": [
            {
              "title": "",
              "items": [
                {
                  "id": 0,
                  "type": "text",
                  "label": "Үндсэн онош"
                }
              ]
            },
            {
              "title": "",
              "items": [
                {
                  "id": 0,
                  "type": "input",
                  "label": ""
                }
              ]
            },
            {
              "title": "",
              "items": [
                {
                  "id": 0,
                  "type": "input",
                  "label": ""
                }
              ]
            },
            {
              "title": "",
              "items": [
                {
                  "id": 0,
                  "type": "input",
                  "label": ""
                }
              ]
            }
          ]
        },
        {
          "columns": [
            {
              "title": "",
              "items": [
                {
                  "id": 0,
                  "type": "text",
                  "label": "Хүндрэл"
                }
              ]
            },
            {
              "title": "",
              "items": [
                {
                  "id": 0,
                  "type": "input",
                  "label": ""
                }
              ]
            },
            {
              "title": "",
              "items": [
                {
                  "id": 0,
                  "type": "input",
                  "label": ""
                }
              ]
            },
            {
              "title": "",
              "items": [
                {
                  "id": 0,
                  "type": "input",
                  "label": ""
                }
              ]
            }
          ]
        },
        {
          "columns": [
            {
              "title": "",
              "items": [
                {
                  "id": 0,
                  "type": "text",
                  "label": "Хавсарсан өвчний онош"
                }
              ]
            },
            {
              "title": "",
              "items": [
                {
                  "id": 0,
                  "type": "input",
                  "label": ""
                }
              ]
            },
            {
              "title": "",
              "items": [
                {
                  "id": 0,
                  "type": "input",
                  "label": ""
                }
              ]
            },
            {
              "title": "",
              "items": [
                {
                  "id": 0,
                  "type": "input",
                  "label": ""
                }
              ]
            }
          ]
        },
        {
          "columns": [
            {
              "title": "Охидын анамнез:",
              "items": [
                {
                  "id": 0,
                  "type": "input",
                  "label": "Анхны сарын тэмдэг хэдэн настайд ирсэн:",
                  "value": ""
                },
                {
                  "id": 1,
                  "type": "input",
                  "label": "Сарын тэмдгийн үргэлжлэх хугацаа:",
                  "value": ""
                },
                {
                  "id": 2,
                  "type": "date",
                  "label": "Сүүлийн сарын тэмдэг хэзээ ирсэн:"
                }
              ]
            },
            {
              "title": "",
              "items": [
                {
                  "id": 3,
                  "type": "date",
                  "label": "Сарын тэмдгийн мөчлөгийн хоног:",
                  "value": "",
                  "dateType": "day"
                },
                {
                  "id": 4,
                  "type": "radio",
                  "label": "Сарын тэмдгийн хэмжээ:",
                  "radioType": "line",
                  "value": "",
                  "options": [
                    {
                      "option": "бага"
                    },
                    {
                      "option": "дунд"
                    },
                    {
                      "option": "их"
                    }
                  ]
                }
              ]
            }
          ]
        },
        {
          "columns": [
            {
              "title": "Хорт зуршил:",
              "items": [
                {
                  "id": 5,
                  "type": "radio",
                  "label": "Тамхи татдаг эсэх:",
                  "value": "",
                  "options": [
                    {
                      "option": "Тийм",
                      "checked": false
                    },
                    {
                      "option": "Үгүй",
                      "checked": false
                    }
                  ]
                },
                {
                  "id": 6,
                  "type": "input",
                  "label": "Өдөрт хэдэн ширхэг:",
                  "value": "",
                  "textType": "number"
                }
              ]
            }
          ]
        },
        {
          "columns": [
            {
              "title": "",
              "items": [
                {
                  "id": 7,
                  "type": "radio",
                  "label": "Эцэг /эх/ архи уудаг эсэх:",
                  "value": "",
                  "options": [
                    {
                      "option": "Тийм"
                    },
                    {
                      "option": "Үгүй"
                    }
                  ]
                }
              ]
            },
            {
              "title": "",
              "items": [
                {
                  "id": 8,
                  "type": "radio",
                  "label": "Эцэг /эх/ тамхи татдаг эсэх:",
                  "value": "",
                  "options": [
                    {
                      "option": "Тийм"
                    },
                    {
                      "option": "Үгүй"
                    }
                  ]
                }
              ]
            },
            {
              "title": "",
              "items": [
                {
                  "id": 9,
                  "type": "radio",
                  "label": "Хүүхдийн дэргэд тамхи татдаг эсэх:",
                  "value": "",
                  "options": [
                    {
                      "option": "Тийм"
                    },
                    {
                      "option": "Үгүй"
                    }
                  ]
                }
              ]
            }
          ]
        },
        {
          "columns": [
            {
              "title": "Хорт зуршил:",
              "items": [
                {
                  "id": 10,
                  "type": "input",
                  "label": "Удаан хугацаагаар, байнга хэрэглэж байсан эмийн тухай:",
                  "value": ""
                },
                {
                  "id": 11,
                  "type": "input",
                  "label": "Хэдий хугацаагаар хэрэглэж байгаа:",
                  "value": ""
                }
              ]
            }
          ]
        },
        {
          "columns": [
            {
              "title": "Хооллолтын байдал:",
              "items": [
                {
                  "id": 12,
                  "type": "checkbox",
                  "label": "Анхны сарын тэмдэг хэдэн настайд ирсэн:",
                  "options": [
                    {
                      "option": "Хөхөөр",
                      "checked": false
                    },
                    {
                      "option": "Тэжээвэр /юугаар/",
                      "checked": false
                    },
                    {
                      "option": "Холимог",
                      "checked": false
                    },
                    {
                      "option": "Ердийн хоол",
                      "checked": false
                    }
                  ]
                }
              ]
            },
            {
              "title": "",
              "items": [
                {
                  "id": 13,
                  "type": "radio",
                  "label": "Хооллох үед зовиуртай эсэх:",
                  "value": "",
                  "options": [
                    {
                      "option": "Тийм"
                    },
                    {
                      "option": "Үгүй"
                    }
                  ]
                },
                {
                  "id": 14,
                  "type": "input",
                  "label": "Тийм бол ямар зовиур илэрдэг",
                  "value": "",
                  "visibleCondition": {
                    "targetId": 13,
                    "targetValue": "Тийм",
                    "operator": "eq"
                  }
                }
              ]
            },
            {
              "title": "",
              "items": [
                {
                  "id": 15,
                  "type": "input",
                  "label": "Өдөрт хэдэн удаа хооллодог",
                  "value": ""
                },
                {
                  "id": 16,
                  "type": "radio",
                  "label": "Тогтмол цагт хооллож чаддаг эсэх:",
                  "value": "",
                  "options": [
                    {
                      "option": "Тийм"
                    },
                    {
                      "option": "Үгүй"
                    }
                  ]
                },
                {
                  "id": 17,
                  "type": "radio",
                  "label": "Цагаан хоолтон эсэх:",
                  "value": "",
                  "options": [
                    {
                      "option": "Тийм"
                    },
                    {
                      "option": "Үгүй"
                    }
                  ]
                }
              ]
            },
            {
              "title": "",
              "items": [
                {
                  "id": 18,
                  "type": "checkbox",
                  "label": "Голчлон хэрэглэдэг хоол, хүнс:",
                  "options": [
                    {
                      "option": "Махан",
                      "checked": false
                    },
                    {
                      "option": "Гурилан",
                      "checked": false
                    },
                    {
                      "option": "Ногоо",
                      "checked": false
                    },
                    {
                      "option": "Жимсжимсгэнэ",
                      "checked": false
                    },
                    {
                      "option": "Сүү цагаан идээ",
                      "checked": false
                    },
                    {
                      "option": "Халуун ногоо",
                      "checked": false
                    },
                    {
                      "option": "Дарсан давсалсан бүтээгдэхүүн",
                      "checked": false
                    },
                    {
                      "option": "Бусад",
                      "checked": false
                    }
                  ]
                }
              ]
            }
          ]
        },
        {
          "columns": [
            {
              "title": "",
              "items": [
                {
                  "id": 19,
                  "type": "date",
                  "label": "Үзлэг эхэлсэн",
                  "value": "",
                  "dateType": "full"
                }
              ]
            }
          ]
        }
      ]
    },
    {
      "id": 2,
      "title": "БОДИТ ҮЗЛЭГИЙН ХЭСЭГ",
      "rows": [
        {
          "columns": [
            {
              "title": "Ерөнхий үзлэг:"
            }
          ]
        },
        {
          "columns": [
            {
              "title": "Биеийн ерөнхий байдал:",
              "items": [
                {
                  "id": 20,
                  "type": "checkbox",
                  "label": "",
                  "options": [
                    {
                      "option": "Хөнгөн",
                      "checked": false
                    },
                    {
                      "option": "Дунд",
                      "checked": false
                    },
                    {
                      "option": "Хүндэвтэр",
                      "checked": false
                    },
                    {
                      "option": "Хүнд",
                      "checked": false
                    },
                    {
                      "option": "Машхүнд SatO2 FiO2",
                      "checked": false
                    }
                  ]
                }
              ]
            },
            {
              "title": "Ухаан санаа:",
              "items": [
                {
                  "id": 21,
                  "type": "checkbox",
                  "label": "",
                  "options": [
                    {
                      "option": "Саруул",
                      "checked": false
                    },
                    {
                      "option": "Бүдгэрсэн",
                      "checked": false
                    },
                    {
                      "option": "Cтупор",
                      "checked": false
                    },
                    {
                      "option": "Сопор",
                      "checked": false
                    },
                    {
                      "option": "Кома",
                      "checked": false
                    },
                    {
                      "option": "Бусад",
                      "checked": false
                    }
                  ]
                }
              ]
            },
            {
              "title": "Орчиндоо:",
              "items": [
                {
                  "id": 22,
                  "type": "checkbox",
                  "label": "",
                  "options": [
                    {
                      "option": "Харьцаатай",
                      "checked": false
                    },
                    {
                      "option": "Харьцаагүй",
                      "checked": false
                    },
                    {
                      "option": "Сул",
                      "checked": false
                    }
                  ]
                }
              ]
            },
            {
              "title": "Байрлал:",
              "items": [
                {
                  "id": 23,
                  "type": "checkbox",
                  "label": "",
                  "options": [
                    {
                      "option": "Идэвхтэй",
                      "checked": false
                    },
                    {
                      "option": "Идэвхгүй",
                      "checked": false
                    },
                    {
                      "option": "Хагас суугаа",
                      "checked": false
                    },
                    {
                      "option": "Хэвтрийн",
                      "checked": false
                    },
                    {
                      "option": "Бусад",
                      "checked": false
                    }
                  ]
                }
              ]
            }
          ]
        }
      ]
    }
  ]
}
