{".env":[".env"],"assets/data/allergy_data.json":["assets/data/allergy_data.json"],"assets/data/demo_data.json":["assets/data/demo_data.json"],"assets/data/score_data.json":["assets/data/score_data.json"],"assets/executable/endo-exe/DShowNET.dll":["assets/executable/endo-exe/DShowNET.dll"],"assets/executable/endo-exe/DevExpress.Charts.v18.1.Core.dll":["assets/executable/endo-exe/DevExpress.Charts.v18.1.Core.dll"],"assets/executable/endo-exe/DevExpress.CodeParser.v18.1.dll":["assets/executable/endo-exe/DevExpress.CodeParser.v18.1.dll"],"assets/executable/endo-exe/DevExpress.Data.v18.1.dll":["assets/executable/endo-exe/DevExpress.Data.v18.1.dll"],"assets/executable/endo-exe/DevExpress.DataAccess.v18.1.UI.dll":["assets/executable/endo-exe/DevExpress.DataAccess.v18.1.UI.dll"],"assets/executable/endo-exe/DevExpress.DataAccess.v18.1.dll":["assets/executable/endo-exe/DevExpress.DataAccess.v18.1.dll"],"assets/executable/endo-exe/DevExpress.Diagram.v18.1.Core.dll":["assets/executable/endo-exe/DevExpress.Diagram.v18.1.Core.dll"],"assets/executable/endo-exe/DevExpress.ExpressApp.AuditTrail.v18.1.dll":["assets/executable/endo-exe/DevExpress.ExpressApp.AuditTrail.v18.1.dll"],"assets/executable/endo-exe/DevExpress.ExpressApp.ConditionalAppearance.v18.1.dll":["assets/executable/endo-exe/DevExpress.ExpressApp.ConditionalAppearance.v18.1.dll"],"assets/executable/endo-exe/DevExpress.ExpressApp.Images.v18.1.dll":["assets/executable/endo-exe/DevExpress.ExpressApp.Images.v18.1.dll"],"assets/executable/endo-exe/DevExpress.ExpressApp.Kpi.v18.1.dll":["assets/executable/endo-exe/DevExpress.ExpressApp.Kpi.v18.1.dll"],"assets/executable/endo-exe/DevExpress.ExpressApp.Notifications.Web.v18.1.dll":["assets/executable/endo-exe/DevExpress.ExpressApp.Notifications.Web.v18.1.dll"],"assets/executable/endo-exe/DevExpress.ExpressApp.Notifications.Win.v18.1.dll":["assets/executable/endo-exe/DevExpress.ExpressApp.Notifications.Win.v18.1.dll"],"assets/executable/endo-exe/DevExpress.ExpressApp.Notifications.v18.1.dll":["assets/executable/endo-exe/DevExpress.ExpressApp.Notifications.v18.1.dll"],"assets/executable/endo-exe/DevExpress.ExpressApp.PivotGrid.Web.v18.1.dll":["assets/executable/endo-exe/DevExpress.ExpressApp.PivotGrid.Web.v18.1.dll"],"assets/executable/endo-exe/DevExpress.ExpressApp.PivotGrid.Win.v18.1.dll":["assets/executable/endo-exe/DevExpress.ExpressApp.PivotGrid.Win.v18.1.dll"],"assets/executable/endo-exe/DevExpress.ExpressApp.PivotGrid.v18.1.dll":["assets/executable/endo-exe/DevExpress.ExpressApp.PivotGrid.v18.1.dll"],"assets/executable/endo-exe/DevExpress.ExpressApp.Reports.v18.1.dll":["assets/executable/endo-exe/DevExpress.ExpressApp.Reports.v18.1.dll"],"assets/executable/endo-exe/DevExpress.ExpressApp.ReportsV2.v18.1.dll":["assets/executable/endo-exe/DevExpress.ExpressApp.ReportsV2.v18.1.dll"],"assets/executable/endo-exe/DevExpress.ExpressApp.Security.v18.1.dll":["assets/executable/endo-exe/DevExpress.ExpressApp.Security.v18.1.dll"],"assets/executable/endo-exe/DevExpress.ExpressApp.StateMachine.v18.1.dll":["assets/executable/endo-exe/DevExpress.ExpressApp.StateMachine.v18.1.dll"],"assets/executable/endo-exe/DevExpress.ExpressApp.TreeListEditors.Web.v18.1.dll":["assets/executable/endo-exe/DevExpress.ExpressApp.TreeListEditors.Web.v18.1.dll"],"assets/executable/endo-exe/DevExpress.ExpressApp.TreeListEditors.Win.v18.1.dll":["assets/executable/endo-exe/DevExpress.ExpressApp.TreeListEditors.Win.v18.1.dll"],"assets/executable/endo-exe/DevExpress.ExpressApp.TreeListEditors.v18.1.dll":["assets/executable/endo-exe/DevExpress.ExpressApp.TreeListEditors.v18.1.dll"],"assets/executable/endo-exe/DevExpress.ExpressApp.Validation.Win.v18.1.dll":["assets/executable/endo-exe/DevExpress.ExpressApp.Validation.Win.v18.1.dll"],"assets/executable/endo-exe/DevExpress.ExpressApp.Validation.v18.1.dll":["assets/executable/endo-exe/DevExpress.ExpressApp.Validation.v18.1.dll"],"assets/executable/endo-exe/DevExpress.ExpressApp.Web.v18.1.dll":["assets/executable/endo-exe/DevExpress.ExpressApp.Web.v18.1.dll"],"assets/executable/endo-exe/DevExpress.ExpressApp.Win.v18.1.dll":["assets/executable/endo-exe/DevExpress.ExpressApp.Win.v18.1.dll"],"assets/executable/endo-exe/DevExpress.ExpressApp.Xpo.v18.1.dll":["assets/executable/endo-exe/DevExpress.ExpressApp.Xpo.v18.1.dll"],"assets/executable/endo-exe/DevExpress.ExpressApp.v18.1.dll":["assets/executable/endo-exe/DevExpress.ExpressApp.v18.1.dll"],"assets/executable/endo-exe/DevExpress.Images.v18.1.dll":["assets/executable/endo-exe/DevExpress.Images.v18.1.dll"],"assets/executable/endo-exe/DevExpress.Map.v18.1.Core.dll":["assets/executable/endo-exe/DevExpress.Map.v18.1.Core.dll"],"assets/executable/endo-exe/DevExpress.Office.v18.1.Core.dll":["assets/executable/endo-exe/DevExpress.Office.v18.1.Core.dll"],"assets/executable/endo-exe/DevExpress.Pdf.v18.1.Core.dll":["assets/executable/endo-exe/DevExpress.Pdf.v18.1.Core.dll"],"assets/executable/endo-exe/DevExpress.Persistent.Base.v18.1.dll":["assets/executable/endo-exe/DevExpress.Persistent.Base.v18.1.dll"],"assets/executable/endo-exe/DevExpress.Persistent.BaseImpl.v18.1.dll":["assets/executable/endo-exe/DevExpress.Persistent.BaseImpl.v18.1.dll"],"assets/executable/endo-exe/DevExpress.PivotGrid.v18.1.Core.dll":["assets/executable/endo-exe/DevExpress.PivotGrid.v18.1.Core.dll"],"assets/executable/endo-exe/DevExpress.Printing.v18.1.Core.dll":["assets/executable/endo-exe/DevExpress.Printing.v18.1.Core.dll"],"assets/executable/endo-exe/DevExpress.RichEdit.v18.1.Core.dll":["assets/executable/endo-exe/DevExpress.RichEdit.v18.1.Core.dll"],"assets/executable/endo-exe/DevExpress.RichEdit.v18.1.Export.dll":["assets/executable/endo-exe/DevExpress.RichEdit.v18.1.Export.dll"],"assets/executable/endo-exe/DevExpress.Sparkline.v18.1.Core.dll":["assets/executable/endo-exe/DevExpress.Sparkline.v18.1.Core.dll"],"assets/executable/endo-exe/DevExpress.SpellChecker.v18.1.Core.dll":["assets/executable/endo-exe/DevExpress.SpellChecker.v18.1.Core.dll"],"assets/executable/endo-exe/DevExpress.TreeMap.v18.1.Core.dll":["assets/executable/endo-exe/DevExpress.TreeMap.v18.1.Core.dll"],"assets/executable/endo-exe/DevExpress.Utils.v18.1.UI.dll":["assets/executable/endo-exe/DevExpress.Utils.v18.1.UI.dll"],"assets/executable/endo-exe/DevExpress.Utils.v18.1.dll":["assets/executable/endo-exe/DevExpress.Utils.v18.1.dll"],"assets/executable/endo-exe/DevExpress.Web.ASPxPivotGrid.v18.1.dll":["assets/executable/endo-exe/DevExpress.Web.ASPxPivotGrid.v18.1.dll"],"assets/executable/endo-exe/DevExpress.Web.ASPxTreeList.v18.1.dll":["assets/executable/endo-exe/DevExpress.Web.ASPxTreeList.v18.1.dll"],"assets/executable/endo-exe/DevExpress.Xpo.v18.1.dll":["assets/executable/endo-exe/DevExpress.Xpo.v18.1.dll"],"assets/executable/endo-exe/DevExpress.XtraBars.v18.1.dll":["assets/executable/endo-exe/DevExpress.XtraBars.v18.1.dll"],"assets/executable/endo-exe/DevExpress.XtraCharts.v18.1.Extensions.dll":["assets/executable/endo-exe/DevExpress.XtraCharts.v18.1.Extensions.dll"],"assets/executable/endo-exe/DevExpress.XtraCharts.v18.1.UI.dll":["assets/executable/endo-exe/DevExpress.XtraCharts.v18.1.UI.dll"],"assets/executable/endo-exe/DevExpress.XtraCharts.v18.1.dll":["assets/executable/endo-exe/DevExpress.XtraCharts.v18.1.dll"],"assets/executable/endo-exe/DevExpress.XtraDiagram.v18.1.dll":["assets/executable/endo-exe/DevExpress.XtraDiagram.v18.1.dll"],"assets/executable/endo-exe/DevExpress.XtraEditors.v18.1.dll":["assets/executable/endo-exe/DevExpress.XtraEditors.v18.1.dll"],"assets/executable/endo-exe/DevExpress.XtraGauges.v18.1.Core.dll":["assets/executable/endo-exe/DevExpress.XtraGauges.v18.1.Core.dll"],"assets/executable/endo-exe/DevExpress.XtraGauges.v18.1.Presets.dll":["assets/executable/endo-exe/DevExpress.XtraGauges.v18.1.Presets.dll"],"assets/executable/endo-exe/DevExpress.XtraGauges.v18.1.Win.dll":["assets/executable/endo-exe/DevExpress.XtraGauges.v18.1.Win.dll"],"assets/executable/endo-exe/DevExpress.XtraGrid.v18.1.dll":["assets/executable/endo-exe/DevExpress.XtraGrid.v18.1.dll"],"assets/executable/endo-exe/DevExpress.XtraLayout.v18.1.dll":["assets/executable/endo-exe/DevExpress.XtraLayout.v18.1.dll"],"assets/executable/endo-exe/DevExpress.XtraMap.v18.1.dll":["assets/executable/endo-exe/DevExpress.XtraMap.v18.1.dll"],"assets/executable/endo-exe/DevExpress.XtraNavBar.v18.1.dll":["assets/executable/endo-exe/DevExpress.XtraNavBar.v18.1.dll"],"assets/executable/endo-exe/DevExpress.XtraPivotGrid.v18.1.dll":["assets/executable/endo-exe/DevExpress.XtraPivotGrid.v18.1.dll"],"assets/executable/endo-exe/DevExpress.XtraPrinting.v18.1.dll":["assets/executable/endo-exe/DevExpress.XtraPrinting.v18.1.dll"],"assets/executable/endo-exe/DevExpress.XtraReports.v18.1.Extensions.dll":["assets/executable/endo-exe/DevExpress.XtraReports.v18.1.Extensions.dll"],"assets/executable/endo-exe/DevExpress.XtraReports.v18.1.Service.dll":["assets/executable/endo-exe/DevExpress.XtraReports.v18.1.Service.dll"],"assets/executable/endo-exe/DevExpress.XtraReports.v18.1.Web.dll":["assets/executable/endo-exe/DevExpress.XtraReports.v18.1.Web.dll"],"assets/executable/endo-exe/DevExpress.XtraReports.v18.1.dll":["assets/executable/endo-exe/DevExpress.XtraReports.v18.1.dll"],"assets/executable/endo-exe/DevExpress.XtraRichEdit.v18.1.Extensions.dll":["assets/executable/endo-exe/DevExpress.XtraRichEdit.v18.1.Extensions.dll"],"assets/executable/endo-exe/DevExpress.XtraRichEdit.v18.1.dll":["assets/executable/endo-exe/DevExpress.XtraRichEdit.v18.1.dll"],"assets/executable/endo-exe/DevExpress.XtraScheduler.v18.1.Core.dll":["assets/executable/endo-exe/DevExpress.XtraScheduler.v18.1.Core.dll"],"assets/executable/endo-exe/DevExpress.XtraScheduler.v18.1.Reporting.Extensions.dll":["assets/executable/endo-exe/DevExpress.XtraScheduler.v18.1.Reporting.Extensions.dll"],"assets/executable/endo-exe/DevExpress.XtraScheduler.v18.1.Reporting.dll":["assets/executable/endo-exe/DevExpress.XtraScheduler.v18.1.Reporting.dll"],"assets/executable/endo-exe/DevExpress.XtraScheduler.v18.1.dll":["assets/executable/endo-exe/DevExpress.XtraScheduler.v18.1.dll"],"assets/executable/endo-exe/DevExpress.XtraSpellChecker.v18.1.dll":["assets/executable/endo-exe/DevExpress.XtraSpellChecker.v18.1.dll"],"assets/executable/endo-exe/DevExpress.XtraSpreadsheet.v18.1.dll":["assets/executable/endo-exe/DevExpress.XtraSpreadsheet.v18.1.dll"],"assets/executable/endo-exe/DevExpress.XtraTreeList.v18.1.dll":["assets/executable/endo-exe/DevExpress.XtraTreeList.v18.1.dll"],"assets/executable/endo-exe/DevExpress.XtraTreeMap.v18.1.dll":["assets/executable/endo-exe/DevExpress.XtraTreeMap.v18.1.dll"],"assets/executable/endo-exe/DevExpress.XtraVerticalGrid.v18.1.dll":["assets/executable/endo-exe/DevExpress.XtraVerticalGrid.v18.1.dll"],"assets/executable/endo-exe/DevExpress.XtraWizard.v18.1.dll":["assets/executable/endo-exe/DevExpress.XtraWizard.v18.1.dll"],"assets/executable/endo-exe/DirectX.Capture.dll":["assets/executable/endo-exe/DirectX.Capture.dll"],"assets/executable/endo-exe/Endoscopy.exe":["assets/executable/endo-exe/Endoscopy.exe"],"assets/executable/finger-exe/FingerPrint.cdf-ms":["assets/executable/finger-exe/FingerPrint.cdf-ms"],"assets/executable/finger-exe/FingerPrint.exe":["assets/executable/finger-exe/FingerPrint.exe"],"assets/executable/finger-exe/FingerPrint.exe.cdf-ms":["assets/executable/finger-exe/FingerPrint.exe.cdf-ms"],"assets/executable/finger-exe/FingerPrint.exe.config":["assets/executable/finger-exe/FingerPrint.exe.config"],"assets/executable/finger-exe/FingerPrint.exe.manifest":["assets/executable/finger-exe/FingerPrint.exe.manifest"],"assets/executable/finger-exe/FingerPrint.manifest":["assets/executable/finger-exe/FingerPrint.manifest"],"assets/executable/finger-exe/Newtonsoft.Json.cdf-ms":["assets/executable/finger-exe/Newtonsoft.Json.cdf-ms"],"assets/executable/finger-exe/Newtonsoft.Json.dll":["assets/executable/finger-exe/Newtonsoft.Json.dll"],"assets/executable/finger-exe/Newtonsoft.Json.manifest":["assets/executable/finger-exe/Newtonsoft.Json.manifest"],"assets/executable/finger-exe/eclinic-logo (1).ico":["assets/executable/finger-exe/eclinic-logo (1).ico"],"assets/executable/finger-exe/libzkfpcsharp.cdf-ms":["assets/executable/finger-exe/libzkfpcsharp.cdf-ms"],"assets/executable/finger-exe/libzkfpcsharp.dll":["assets/executable/finger-exe/libzkfpcsharp.dll"],"assets/executable/finger-exe/libzkfpcsharp.manifest":["assets/executable/finger-exe/libzkfpcsharp.manifest"],"assets/executable/hello_world.sh":["assets/executable/hello_world.sh"],"assets/images/common/avatar_doctor.webp":["assets/images/common/avatar_doctor.webp"],"assets/images/mmra_logo.jpeg":["assets/images/mmra_logo.jpeg"],"assets/images/upload.jpg":["assets/images/upload.jpg"],"assets/images/welcome.png":["assets/images/welcome.png"],"assets/lottie/intro-1.json":["assets/lottie/intro-1.json"],"assets/lottie/intro-2.json":["assets/lottie/intro-2.json"],"assets/lottie/intro-3.json":["assets/lottie/intro-3.json"],"assets/lottie/intro-4.json":["assets/lottie/intro-4.json"],"assets/lottie/intro-5.json":["assets/lottie/intro-5.json"],"assets/lottie/loading-lottie.json":["assets/lottie/loading-lottie.json"],"assets/lottie/loading.json":["assets/lottie/loading.json"],"assets/png/Default_image.png":["assets/png/Default_image.png"],"assets/png/EMD.png":["assets/png/EMD.png"],"assets/png/QR_sample.png":["assets/png/QR_sample.png"],"assets/png/Social_pay.png":["assets/png/Social_pay.png"],"assets/png/Tugrug.png":["assets/png/Tugrug.png"],"assets/png/card.jpeg":["assets/png/card.jpeg"],"assets/png/eclinic_logo.png":["assets/png/eclinic_logo.png"],"assets/png/gb.png":["assets/png/gb.png"],"assets/png/mn.png":["assets/png/mn.png"],"assets/png/operating_room.png":["assets/png/operating_room.png"],"assets/png/qpay.png":["assets/png/qpay.png"],"assets/png/wallet.png":["assets/png/wallet.png"],"assets/png/welcome_screen_logo.png":["assets/png/welcome_screen_logo.png"],"assets/sound/tone.mp3":["assets/sound/tone.mp3"],"assets/svg/Error.svg":["assets/svg/Error.svg"],"assets/svg/Layer_1.svg":["assets/svg/Layer_1.svg"],"assets/svg/Nursing_opt_patient.svg":["assets/svg/Nursing_opt_patient.svg"],"assets/svg/Patient.svg":["assets/svg/Patient.svg"],"assets/svg/Success.svg":["assets/svg/Success.svg"],"assets/svg/Warning.svg":["assets/svg/Warning.svg"],"assets/svg/add-diet.svg":["assets/svg/add-diet.svg"],"assets/svg/admin-panel-2_1.svg":["assets/svg/admin-panel-2_1.svg"],"assets/svg/admin_active.svg":["assets/svg/admin_active.svg"],"assets/svg/admitting_request_request.svg":["assets/svg/admitting_request_request.svg"],"assets/svg/adverse-reaction.svg":["assets/svg/adverse-reaction.svg"],"assets/svg/advice_1.svg":["assets/svg/advice_1.svg"],"assets/svg/appointment_list.svg":["assets/svg/appointment_list.svg"],"assets/svg/appointments/calendar-appointment.svg":["assets/svg/appointments/calendar-appointment.svg"],"assets/svg/appointments/dash-OPT.svg":["assets/svg/appointments/dash-OPT.svg"],"assets/svg/appointments/emergency.svg":["assets/svg/appointments/emergency.svg"],"assets/svg/appointments/mri.svg":["assets/svg/appointments/mri.svg"],"assets/svg/appointments/patients.svg":["assets/svg/appointments/patients.svg"],"assets/svg/ariutgal_active.svg":["assets/svg/ariutgal_active.svg"],"assets/svg/ariutgal_narmal.svg":["assets/svg/ariutgal_narmal.svg"],"assets/svg/bed_active.svg":["assets/svg/bed_active.svg"],"assets/svg/bed_normal.svg":["assets/svg/bed_normal.svg"],"assets/svg/billing_active.svg":["assets/svg/billing_active.svg"],"assets/svg/billing_normal.svg":["assets/svg/billing_normal.svg"],"assets/svg/biomedical_waste_active.svg":["assets/svg/biomedical_waste_active.svg"],"assets/svg/biomedical_waste_normal.svg":["assets/svg/biomedical_waste_normal.svg"],"assets/svg/blood-bank-dashboard.svg":["assets/svg/blood-bank-dashboard.svg"],"assets/svg/blood-donation-list.svg":["assets/svg/blood-donation-list.svg"],"assets/svg/blood-request.svg":["assets/svg/blood-request.svg"],"assets/svg/blood_active.svg":["assets/svg/blood_active.svg"],"assets/svg/blood_normal.svg":["assets/svg/blood_normal.svg"],"assets/svg/blood_stock_icon.svg":["assets/svg/blood_stock_icon.svg"],"assets/svg/booking_appointment_icon.svg":["assets/svg/booking_appointment_icon.svg"],"assets/svg/calendar_active.svg":["assets/svg/calendar_active.svg"],"assets/svg/calendar_normal.svg":["assets/svg/calendar_normal.svg"],"assets/svg/camps.svg":["assets/svg/camps.svg"],"assets/svg/cardiac_intensive_icon.svg":["assets/svg/cardiac_intensive_icon.svg"],"assets/svg/common/Vector.svg":["assets/svg/common/Vector.svg"],"assets/svg/common/logo-white.svg":["assets/svg/common/logo-white.svg"],"assets/svg/common/no_search_result.svg":["assets/svg/common/no_search_result.svg"],"assets/svg/common/not_found.svg":["assets/svg/common/not_found.svg"],"assets/svg/common/tt_logo.svg":["assets/svg/common/tt_logo.svg"],"assets/svg/cross-match.svg":["assets/svg/cross-match.svg"],"assets/svg/dashboard_icon.svg":["assets/svg/dashboard_icon.svg"],"assets/svg/day-service.svg":["assets/svg/day-service.svg"],"assets/svg/daycare_active.svg":["assets/svg/daycare_active.svg"],"assets/svg/daycare_normal.svg":["assets/svg/daycare_normal.svg"],"assets/svg/dialysis-appointment-list.svg":["assets/svg/dialysis-appointment-list.svg"],"assets/svg/dialysis-exam.svg":["assets/svg/dialysis-exam.svg"],"assets/svg/dialysis-session-list.svg":["assets/svg/dialysis-session-list.svg"],"assets/svg/dialysis_active.svg":["assets/svg/dialysis_active.svg"],"assets/svg/dialysis_appointment_dashboard.svg":["assets/svg/dialysis_appointment_dashboard.svg"],"assets/svg/dialysis_normal.svg":["assets/svg/dialysis_normal.svg"],"assets/svg/diet-calendar.svg":["assets/svg/diet-calendar.svg"],"assets/svg/diet-room.svg":["assets/svg/diet-room.svg"],"assets/svg/diet_active.svg":["assets/svg/diet_active.svg"],"assets/svg/diet_normal.svg":["assets/svg/diet_normal.svg"],"assets/svg/discharged_icon.svg":["assets/svg/discharged_icon.svg"],"assets/svg/doctor_active.svg":["assets/svg/doctor_active.svg"],"assets/svg/doctor_normal.svg":["assets/svg/doctor_normal.svg"],"assets/svg/ebarimt_list.svg":["assets/svg/ebarimt_list.svg"],"assets/svg/emd.svg":["assets/svg/emd.svg"],"assets/svg/emergency-dashboard.svg":["assets/svg/emergency-dashboard.svg"],"assets/svg/emergency_active.svg":["assets/svg/emergency_active.svg"],"assets/svg/emergency_normal.svg":["assets/svg/emergency_normal.svg"],"assets/svg/endless_circle.svg":["assets/svg/endless_circle.svg"],"assets/svg/equipment_active.svg":["assets/svg/equipment_active.svg"],"assets/svg/equipment_normal.svg":["assets/svg/equipment_normal.svg"],"assets/svg/examine-list.svg":["assets/svg/examine-list.svg"],"assets/svg/exc.svg":["assets/svg/exc.svg"],"assets/svg/finished_icon.svg":["assets/svg/finished_icon.svg"],"assets/svg/focus-add.svg":["assets/svg/focus-add.svg"],"assets/svg/get-lab-test.svg":["assets/svg/get-lab-test.svg"],"assets/svg/heart-rate.svg":["assets/svg/heart-rate.svg"],"assets/svg/hr_active.svg":["assets/svg/hr_active.svg"],"assets/svg/hr_normal.svg":["assets/svg/hr_normal.svg"],"assets/svg/icu-dashboard.svg":["assets/svg/icu-dashboard.svg"],"assets/svg/icu-requests.svg":["assets/svg/icu-requests.svg"],"assets/svg/immunization-enrolled.svg":["assets/svg/immunization-enrolled.svg"],"assets/svg/immunization-profile.svg":["assets/svg/immunization-profile.svg"],"assets/svg/inpatient-dashboard.svg":["assets/svg/inpatient-dashboard.svg"],"assets/svg/inpatient.svg":["assets/svg/inpatient.svg"],"assets/svg/intensive-care-unit.svg":["assets/svg/intensive-care-unit.svg"],"assets/svg/items_svg.svg":["assets/svg/items_svg.svg"],"assets/svg/kitchen_active.svg":["assets/svg/kitchen_active.svg"],"assets/svg/kitchen_normal.svg":["assets/svg/kitchen_normal.svg"],"assets/svg/lab-confirmation.svg":["assets/svg/lab-confirmation.svg"],"assets/svg/lab-dashboard.svg":["assets/svg/lab-dashboard.svg"],"assets/svg/lab-exam.svg":["assets/svg/lab-exam.svg"],"assets/svg/lab_active.svg":["assets/svg/lab_active.svg"],"assets/svg/lab_admin_icon.svg":["assets/svg/lab_admin_icon.svg"],"assets/svg/lab_normal.svg":["assets/svg/lab_normal.svg"],"assets/svg/language/en.svg":["assets/svg/language/en.svg"],"assets/svg/language/mn.svg":["assets/svg/language/mn.svg"],"assets/svg/list.svg":["assets/svg/list.svg"],"assets/svg/logo.svg":["assets/svg/logo.svg"],"assets/svg/nursing-dashboard.svg":["assets/svg/nursing-dashboard.svg"],"assets/svg/nursing_active.svg":["assets/svg/nursing_active.svg"],"assets/svg/nursing_normal.svg":["assets/svg/nursing_normal.svg"],"assets/svg/nursing_patients_icon.svg":["assets/svg/nursing_patients_icon.svg"],"assets/svg/operation_theater_dashboard.svg":["assets/svg/operation_theater_dashboard.svg"],"assets/svg/operation_theater_icon.svg":["assets/svg/operation_theater_icon.svg"],"assets/svg/or_tasag_huwaarilalt_active.svg":["assets/svg/or_tasag_huwaarilalt_active.svg"],"assets/svg/or_tasag_huwaarilalt_normal.svg":["assets/svg/or_tasag_huwaarilalt_normal.svg"],"assets/svg/order_list.svg":["assets/svg/order_list.svg"],"assets/svg/orders.svg":["assets/svg/orders.svg"],"assets/svg/ot-bed.svg":["assets/svg/ot-bed.svg"],"assets/svg/ot_active.svg":["assets/svg/ot_active.svg"],"assets/svg/ot_normal.svg":["assets/svg/ot_normal.svg"],"assets/svg/overtime_list.svg":["assets/svg/overtime_list.svg"],"assets/svg/paid_payment_order_list_icon.svg":["assets/svg/paid_payment_order_list_icon.svg"],"assets/svg/patientmanagement.svg":["assets/svg/patientmanagement.svg"],"assets/svg/payment_dashboard_icon.svg":["assets/svg/payment_dashboard_icon.svg"],"assets/svg/pediatric_intensive_icon.svg":["assets/svg/pediatric_intensive_icon.svg"],"assets/svg/pharmacy_active.svg":["assets/svg/pharmacy_active.svg"],"assets/svg/pharmacy_dashboard.svg":["assets/svg/pharmacy_dashboard.svg"],"assets/svg/pharmacy_normal.svg":["assets/svg/pharmacy_normal.svg"],"assets/svg/physio_therapy_dashboard.svg":["assets/svg/physio_therapy_dashboard.svg"],"assets/svg/prevention.svg":["assets/svg/prevention.svg"],"assets/svg/printer-outline.svg":["assets/svg/printer-outline.svg"],"assets/svg/problem-solving_1.svg":["assets/svg/problem-solving_1.svg"],"assets/svg/public_health_active.svg":["assets/svg/public_health_active.svg"],"assets/svg/public_health_normal.svg":["assets/svg/public_health_normal.svg"],"assets/svg/queue_list.svg":["assets/svg/queue_list.svg"],"assets/svg/radiology_Active.svg":["assets/svg/radiology_Active.svg"],"assets/svg/radiology_normal.svg":["assets/svg/radiology_normal.svg"],"assets/svg/rehabilitation_active.svg":["assets/svg/rehabilitation_active.svg"],"assets/svg/rehabilitation_normal.svg":["assets/svg/rehabilitation_normal.svg"],"assets/svg/report-2.svg":["assets/svg/report-2.svg"],"assets/svg/schedule_icon.svg":["assets/svg/schedule_icon.svg"],"assets/svg/service_1.svg":["assets/svg/service_1.svg"],"assets/svg/shift_list.svg":["assets/svg/shift_list.svg"],"assets/svg/side_effect_icon.svg":["assets/svg/side_effect_icon.svg"],"assets/svg/surgery-list.svg":["assets/svg/surgery-list.svg"],"assets/svg/surgery-plan.svg":["assets/svg/surgery-plan.svg"],"assets/svg/surgical_trauma_icon.svg":["assets/svg/surgical_trauma_icon.svg"],"assets/svg/task_list.svg":["assets/svg/task_list.svg"],"assets/svg/telemedicine_active.svg":["assets/svg/telemedicine_active.svg"],"assets/svg/telemedicine_normal.svg":["assets/svg/telemedicine_normal.svg"],"assets/svg/test_print.svg":["assets/svg/test_print.svg"],"assets/svg/test_process_icon.svg":["assets/svg/test_process_icon.svg"],"assets/svg/tsewerlegee_active.svg":["assets/svg/tsewerlegee_active.svg"],"assets/svg/tsewerlegee_normal.svg":["assets/svg/tsewerlegee_normal.svg"],"assets/svg/user_register.svg":["assets/svg/user_register.svg"],"assets/svg/user_register_normal.svg":["assets/svg/user_register_normal.svg"],"assets/svg/video.svg":["assets/svg/video.svg"],"assets/svg/wallet.svg":["assets/svg/wallet.svg"],"assets/svg/welcome/administration.svg":["assets/svg/welcome/administration.svg"],"assets/svg/welcome/bed.svg":["assets/svg/welcome/bed.svg"],"assets/svg/welcome/blood.svg":["assets/svg/welcome/blood.svg"],"assets/svg/welcome/dot.svg":["assets/svg/welcome/dot.svg"],"assets/svg/welcome/export-layer.svg":["assets/svg/welcome/export-layer.svg"],"assets/svg/welcome/finance.svg":["assets/svg/welcome/finance.svg"],"assets/svg/welcome/heart.svg":["assets/svg/welcome/heart.svg"],"assets/svg/welcome/injection.svg":["assets/svg/welcome/injection.svg"],"assets/svg/welcome/inventory.svg":["assets/svg/welcome/inventory.svg"],"assets/svg/welcome/lab.svg":["assets/svg/welcome/lab.svg"],"assets/svg/welcome/logo-full.svg":["assets/svg/welcome/logo-full.svg"],"assets/svg/welcome/pharmacy.svg":["assets/svg/welcome/pharmacy.svg"],"assets/svg/welcome/radiology.svg":["assets/svg/welcome/radiology.svg"],"assets/svg/welcome/registration.svg":["assets/svg/welcome/registration.svg"],"assets/svg/welcome/report.svg":["assets/svg/welcome/report.svg"],"assets/svg/welcome/service.svg":["assets/svg/welcome/service.svg"],"assets/svg/welcome/sweep.svg":["assets/svg/welcome/sweep.svg"],"assets/svg/welcome_new/Registration.svg":["assets/svg/welcome_new/Registration.svg"],"assets/svg/welcome_new/admin.svg":["assets/svg/welcome_new/admin.svg"],"assets/svg/welcome_new/blood.svg":["assets/svg/welcome_new/blood.svg"],"assets/svg/welcome_new/erp.svg":["assets/svg/welcome_new/erp.svg"],"assets/svg/welcome_new/finance.svg":["assets/svg/welcome_new/finance.svg"],"assets/svg/welcome_new/heart.svg":["assets/svg/welcome_new/heart.svg"],"assets/svg/welcome_new/inventory.svg":["assets/svg/welcome_new/inventory.svg"],"assets/svg/welcome_new/laboratory.svg":["assets/svg/welcome_new/laboratory.svg"],"assets/svg/welcome_new/public_health_programs.svg":["assets/svg/welcome_new/public_health_programs.svg"],"assets/svg/welcome_new/radiology.svg":["assets/svg/welcome_new/radiology.svg"],"assets/svg/welcome_new/reports_analytics.svg":["assets/svg/welcome_new/reports_analytics.svg"],"assets/svg/welcome_new/telemedicine.svg":["assets/svg/welcome_new/telemedicine.svg"],"assets/translations/data.json":["assets/translations/data.json"],"assets/translations/en-US.json":["assets/translations/en-US.json"],"assets/translations/mn-MN.json":["assets/translations/mn-MN.json"],"assets/translations/sync_translations.sh":["assets/translations/sync_translations.sh"],"assets/translations/translations.zip":["assets/translations/translations.zip"],"fonts/EclinicIcons.ttf":["fonts/EclinicIcons.ttf"],"fonts/Manrope-Bold.ttf":["fonts/Manrope-Bold.ttf"],"fonts/Manrope-ExtraBold.ttf":["fonts/Manrope-ExtraBold.ttf"],"fonts/Manrope-ExtraLight.ttf":["fonts/Manrope-ExtraLight.ttf"],"fonts/Manrope-Light.ttf":["fonts/Manrope-Light.ttf"],"fonts/Manrope-Medium.ttf":["fonts/Manrope-Medium.ttf"],"fonts/Manrope-Regular.ttf":["fonts/Manrope-Regular.ttf"],"fonts/Manrope-SemiBold.ttf":["fonts/Manrope-SemiBold.ttf"],"packages/cupertino_icons/assets/CupertinoIcons.ttf":["packages/cupertino_icons/assets/CupertinoIcons.ttf"],"packages/easy_stepper/assets/loading_black.json":["packages/easy_stepper/assets/loading_black.json"],"packages/easy_stepper/assets/loading_white.json":["packages/easy_stepper/assets/loading_white.json"],"packages/quill_native_bridge_linux/assets/xclip":["packages/quill_native_bridge_linux/assets/xclip"],"packages/syncfusion_flutter_pdfviewer/assets/fonts/RobotoMono-Regular.ttf":["packages/syncfusion_flutter_pdfviewer/assets/fonts/RobotoMono-Regular.ttf"],"packages/syncfusion_flutter_pdfviewer/assets/icons/dark/highlight.png":["packages/syncfusion_flutter_pdfviewer/assets/icons/dark/highlight.png"],"packages/syncfusion_flutter_pdfviewer/assets/icons/dark/squiggly.png":["packages/syncfusion_flutter_pdfviewer/assets/icons/dark/squiggly.png"],"packages/syncfusion_flutter_pdfviewer/assets/icons/dark/strikethrough.png":["packages/syncfusion_flutter_pdfviewer/assets/icons/dark/strikethrough.png"],"packages/syncfusion_flutter_pdfviewer/assets/icons/dark/underline.png":["packages/syncfusion_flutter_pdfviewer/assets/icons/dark/underline.png"],"packages/syncfusion_flutter_pdfviewer/assets/icons/light/highlight.png":["packages/syncfusion_flutter_pdfviewer/assets/icons/light/highlight.png"],"packages/syncfusion_flutter_pdfviewer/assets/icons/light/squiggly.png":["packages/syncfusion_flutter_pdfviewer/assets/icons/light/squiggly.png"],"packages/syncfusion_flutter_pdfviewer/assets/icons/light/strikethrough.png":["packages/syncfusion_flutter_pdfviewer/assets/icons/light/strikethrough.png"],"packages/syncfusion_flutter_pdfviewer/assets/icons/light/underline.png":["packages/syncfusion_flutter_pdfviewer/assets/icons/light/underline.png"],"packages/wakelock_plus/assets/no_sleep.js":["packages/wakelock_plus/assets/no_sleep.js"],"packages/window_manager/images/ic_chrome_close.png":["packages/window_manager/images/ic_chrome_close.png"],"packages/window_manager/images/ic_chrome_maximize.png":["packages/window_manager/images/ic_chrome_maximize.png"],"packages/window_manager/images/ic_chrome_minimize.png":["packages/window_manager/images/ic_chrome_minimize.png"],"packages/window_manager/images/ic_chrome_unmaximize.png":["packages/window_manager/images/ic_chrome_unmaximize.png"]}