{
  "scoreData": {
    "0-3 age": {
      "Mobility": [
        "",
        "",
        "",
        "Normal for age",
        "",
        "Unable to move as normal",
        ""
      ],
      "RR": [
        "less than 20",
        "20 - 25",
        "",
        "26 - 39",
        "",
        "40 - 49",
        "50 or more"
      ],
      "HR": [
        "less than 70",
        "70 - 79",
        "",
        "80 - 130",
        "",
        "131 - 159",
        "160 or more"
      ],
      "Temp": [
        "",
        "Feels Cold Under 35˚",
        "",
        "35˚ - 38.4˚",
        "",
        "Feels Hot Over 38.4˚",
        ""
      ],
      "AVPU": [
        "",
        "",
        "",
        "Alert",
        "Reacts to Voice",
        "Reacts to Pain",
        "Unresponsive"
      ],
      "Trauma": ["", "", "", "No", "Yes", "", ""],
      "SpO₂": [
        "Less than 80%",
        "80 - 89%",
        "90 - 94%",
        "95 - 100%",
        "",
        "",
        ""
      ],
      "FiO₂": ["", "", "", "~21%", "24%–40%", "40%–60%", ">60%"]
    },
    "3-12 age": {
      "Mobility": [
        "",
        "",
        "",
        "Normal for age",
        "",
        "Unable to move as normal",
        ""
      ],
      "RR": [
        "less than 15",
        "15 - 16",
        "",
        "17 - 21",
        "22 - 26",
        "27 - more",
        ""
      ],
      "HR": [
        "less than 60",
        "60 - 79",
        "",
        "80 - 99",
        "100 - 129",
        "130 or more",
        ""
      ],
      "Temp": [
        "",
        "Feels Cold Under 35˚",
        "",
        "35˚ - 38.4˚",
        "",
        "Feels Hot Over 38.4˚",
        ""
      ],
      "AVPU": [
        "",
        "Confused",
        "",
        "Alert",
        "Reacts to Voice",
        "Reacts to Pain",
        "Unresponsive"
      ],
      "Trauma": ["", "", "", "No", "Yes", "", ""],
      "SpO₂": [
        "Less than 80%",
        "80 - 89%",
        "90 - 94%",
        "95 - 100%",
        "",
        "",
        ""
      ],
      "FiO₂": ["", "", "", "~21%", "24%–40%", "40%–60%", ">60%"]
    },
    "Older than 12 age": {
      "Mobility": [
        "",
        "",
        "",
        "Walking",
        "Whit Help",
        "Stretcher/ Immobile",
        ""
      ],
      "RR": [
        "",
        "less than 9",
        "",
        "9 - 14",
        "15 - 20",
        "21 - 29",
        "more than 29"
      ],
      "HR": [
        "",
        "less than 41",
        "41-50",
        "51 - 100",
        "101 - 110",
        "111 - 129",
        "more than 129"
      ],
      "SBP": [
        "less than 71",
        "71 - 80",
        "81-100",
        "101 - 199",
        "",
        "more than 199",
        ""
      ],
      "Temp": [
        "",
        "Cold OR Under 35˚",
        "",
        "35˚ - 38.4˚",
        "",
        "Hot OR Over 38.4˚",
        ""
      ],
      "AVPU": [
        "",
        "Confused",
        "",
        "Alert",
        "Reacts to Voice",
        "Reacts to Pain",
        "Unresponsive"
      ],
      "Trauma": ["", "", "", "No", "Yes", "", ""],
      "SpO₂": [
        "Less than 80%",
        "80 - 89%",
        "90 - 94%",
        "95 - 100%",
        "",
        "",
        ""
      ],
      "FiO₂": ["", "", "", "~21%", "24%–40%", "40%–60%", ">60%"]
    }
  }
}
