{
  "title": "Allergy",
  "rightTitle": "Allergy",
  "sections": [
    {
      "id": 1,
      "title": "",
      "rows": [
        {
          "columns": [
            {
              "title": "",
              "items": [
                {
                  "id": 0,
                  "type": "input",
                  "label": "Patient",
                  "openEhrKey": "allergy/context/_health_care_facility|name",
                  "value": "static value",
                  "required": true
                },
                {
                  "id": 0,
                  "type": "input",
                  "label": "Substance",
                  "openEhrKey": "allergy/adverse_reaction_risk/substance",
                  "value": ""
                },
                {
                  "id": 0,
                  "type": "input",
                  "openEhrKey": "allergy/adverse_reaction_risk/comment",
                  "label": "Comment",
                  "value": ""
                },
                {
                  "id": 0,
                  "type": "input",
                  "label": "Specific_substance",
                  "openEhrKey": "allergy/adverse_reaction_risk/reaction_event:0/specific_substance",
                  "value": ""
                },
                {
                  "id": 0,
                  "type": "input",
                  "openEhrKey": "allergy/adverse_reaction_risk/reaction_event:0/manifestation:0",
                  "label": "Manifestation",
                  "value": ""
                },
                {
                  "id": 0,
                  "type": "input",
                  "openEhrKey": "allergy/adverse_reaction_risk/reaction_event:0/reaction_description",
                  "label": "Reaction_description",
                  "value": ""
                },
                {
                  "id": 0,
                  "type": "input",
                  "openEhrKey": "allergy/adverse_reaction_risk/reaction_event:0/route_of_exposure",
                  "label": "Route_of_exposure",
                  "value": ""
                },
                {
                  "id": 0,
                  "type": "input",
                  "openEhrKey": "allergy/adverse_reaction_risk/reaction_event:0/exposure_description",
                  "label": "Exposure_description",
                  "value": ""
                },
                {
                  "id": 0,
                  "type": "input",
                  "openEhrKey": "allergy/adverse_reaction_risk/reaction_event:0/clinical_management_description",
                  "label": "Clinical_management_description",
                  "value": ""
                },
                {
                  "id": 0,
                  "type": "input",
                  "openEhrKey": "allergy/adverse_reaction_risk/reaction_event:0/reaction_comment",
                  "label": "Reaction_comment",
                  "value": ""
                },
                {
                  "id": 0,
                  "type": "input",
                  "openEhrKey": "allergy/composer|name",
                  "label": "Doctor",
                  "value": ""
                }
              ]
            }
          ]
        },
        {
          "columns": [
            {
              "title": "",
              "items": [
                {
                  "id": 19,
                  "type": "date",
                  "label": "Үзлэг эхэлсэн",
                  "value": "",
                  "dateType": "full"
                }
              ]
            }
          ]
        }
      ]
    }
  ]
}
